participant_id,audio_file,localization_response
jabe,test_center_shifted_600Hz.wav,& "C:\Program Files\Eclipse Adoptium\jdk-21.0.7.6-hotspot\bin\javac.exe" AudioTest.java
jabe,test_left_shifted_600Hz.wav,3
jabe,test_left_shifted_400Hz.wav,1
jabe,test_speech_shifted_400Hz.wav,4
jabe,test_speech_shifted_600Hz.wav,3
jabe,test_right_shifted_600Hz.wav,4
jabe,test_speech_shifted_200Hz.wav,2
jabe,test_right_shifted_400Hz.wav,1
jabe,test_center_shifted_400Hz.wav,3
jabe,test_right_shifted_200Hz.wav,4
jabe,test_left_shifted_200Hz.wav,5
jabe,test_center_shifted_200Hz.wav,2
